2026/01/01 19:07:21.038,SELL,BTC/USDT,101,1,101,1766651474
2026/01/01 19:07:21.038,BUY,BTC/USDT,98,1,3,1766651474
2026/01/01 19:07:21.038,SELL,BTC/USDT,102,1,105,1766651474
2026/01/01 19:07:21.038,BUY,BTC/USDT,97,1,8,1766651474
2026/01/01 19:07:21.038,SELL,BTC/USDT,103,1,111,1766651474
2026/01/01 19:07:21.038,BUY,BTC/USDT,96,1,15,1766651474
2026/01/01 19:07:21.038,SELL,BTC/USDT,104,1,119,1766651474
2026/01/01 19:07:21.038,BUY,BTC/USDT,95,1,24,1766651474
2026/01/01 19:07:21.038,SELL,BTC/USDT,105,1,129,1766651474
2026/01/01 19:07:21.038,BUY,DOGE/BTC,99,1,30,1766651474
2026/01/01 19:07:21.038,SELL,DOGE/BTC,101,1,131,1766651474
2026/01/01 19:07:21.038,BUY,DOGE/BTC,98,1,33,1766651474
2026/01/01 19:07:21.038,SELL,DOGE/BTC,102,1,135,1766651474
2026/01/01 19:07:21.038,BUY,DOGE/BTC,97,1,38,1766651474
2026/01/01 19:07:21.038,SELL,DOGE/BTC,103,1,141,1766651474
2026/01/01 19:07:21.038,BUY,DOGE/BTC,96,1,45,1766651474
2026/01/01 19:07:21.038,SELL,DOGE/BTC,104,1,149,1766651474
2026/01/01 19:07:21.038,BUY,DOGE/BTC,95,1,54,1766651474
2026/01/01 19:07:21.038,SELL,DOGE/BTC,105,1,159,1766651474
2026/01/01 19:07:21.038,BUY,DOGE/USDT,99,1,60,1766651474
2026/01/01 19:07:21.038,SELL,DOGE/USDT,101,1,161,1766651474
2026/01/01 19:07:21.038,BUY,DOGE/USDT,98,1,63,1766651474
2026/01/01 19:07:21.038,SELL,DOGE/USDT,102,1,165,1766651474
2026/01/01 19:07:21.038,BUY,DOGE/USDT,97,1,68,1766651474
2026/01/01 19:07:21.038,SELL,DOGE/USDT,103,1,171,1766651474
2026/01/01 19:07:21.038,BUY,DOGE/USDT,96,1,75,1766651474
2026/01/01 19:07:21.038,SELL,DOGE/USDT,104,1,179,1766651474
2026/01/01 19:07:21.038,BUY,DOGE/USDT,95,1,84,1766651474
2026/01/01 19:07:21.038,SELL,DOGE/USDT,105,1,189,1766651474
2026/01/01 19:07:21.038,BUY,ETH/BTC,99,1,90,1766651474
2026/01/01 19:07:21.038,SELL,ETH/BTC,101,1,191,1766651474
2026/01/01 19:07:21.038,BUY,ETH/BTC,98,1,93,1766651474
2026/01/01 19:07:21.038,SELL,ETH/BTC,102,1,195,1766651474
2026/01/01 19:07:21.038,BUY,ETH/BTC,97,1,98,1766651474
2026/01/01 19:07:21.038,SELL,ETH/BTC,103,1,201,1766651474
2026/01/01 19:07:21.038,BUY,ETH/BTC,96,1,105,1766651474
2026/01/01 19:07:21.038,SELL,ETH/BTC,104,1,209,1766651474
2026/01/01 19:07:21.038,BUY,ETH/BTC,95,1,114,1766651474
2026/01/01 19:07:21.038,SELL,ETH/BTC,105,1,219,1766651474
2026/01/01 19:07:21.038,BUY,ETH/USDT,99,1,120,1766651474
2026/01/01 19:07:21.038,SELL,ETH/USDT,101,1,221,1766651474
2026/01/01 19:07:21.038,BUY,ETH/USDT,98,1,123,1766651474
2026/01/01 19:07:21.038,SELL,ETH/USDT,102,1,225,1766651474
2026/01/01 19:07:21.038,BUY,ETH/USDT,97,1,128,1766651474
2026/01/01 19:07:21.038,SELL,ETH/USDT,103,1,231,1766651474
2026/01/01 19:07:21.038,BUY,ETH/USDT,96,1,135,1766651474
2026/01/01 19:07:21.038,SELL,ETH/USDT,104,1,239,1766651474
2026/01/01 19:07:21.038,BUY,ETH/USDT,95,1,144,1766651474
2026/01/01 19:07:21.038,SELL,ETH/USDT,105,1,249,1766651474
2026/01/02 20:34:38.760,WALLET,BTC,0,100,110,1766651474
2026/01/02 20:35:02.820,WALLET,ETH,0,100,100,1766651474
2026/01/02 20:36:16.399,WALLET,BTC/USTD,0,100,100,1766651474
2026/01/02 20:37:48.839,WALLET,BTC/USTD,0,-100,0,1766651474
2026/01/02 21:40:40.831,WALLET,BTC,0,100,110,1766651474
2026/01/02 21:47:39.384,WALLET,BTC,0,100,110,1766651474
2026/01/02 21:59:49.693,WALLET,BTC,0,1000,1010,1766651474
2026/01/02 22:49:23.991,WALLET,BTC,0,1000,1010,1766651474
2020/06/01 11:57:30.328127,bid,ETH/BTC,10,5,1010,1766651474
2020/06/01 11:57:40.339453,bid,ETH/BTC,1,1,1010.12,1766651474
2026/01/02 22:54:17.086,WALLET,ETH,0,100,100,1766651474
2020/06/01 11:57:45.344474,ask,ETH/BTC,1,1,100,1766651474
2026/01/02 22:57:08.065,WALLET,ETH,0,100,100,1766651474
2026/01/02 22:57:18.463,WALLET,BTC,0,100,110,1766651474
2020/06/01 11:57:30.328127,bid,ETH/BTC,10,5,110,1766651474
2026/01/02 22:59:14.830,SELL,BTC/USDT,101,1,101,1766651474
2026/01/02 22:59:14.830,BUY,BTC/USDT,98,1,3,1766651474
2026/01/02 22:59:14.830,SELL,BTC/USDT,102,1,105,1766651474
2026/01/02 22:59:14.830,BUY,BTC/USDT,97,1,8,1766651474
2026/01/02 22:59:14.830,SELL,BTC/USDT,103,1,111,1766651474
2026/01/02 22:59:14.830,BUY,BTC/USDT,96,1,15,1766651474
2026/01/02 22:59:14.830,SELL,BTC/USDT,104,1,119,1766651474
2026/01/02 22:59:14.830,BUY,BTC/USDT,95,1,24,1766651474
2026/01/02 22:59:14.830,SELL,BTC/USDT,105,1,129,1766651474
2026/01/02 22:59:14.830,BUY,DOGE/BTC,99,1,30,1766651474
2026/01/02 22:59:14.830,SELL,DOGE/BTC,101,1,131,1766651474
2026/01/02 22:59:14.830,BUY,DOGE/BTC,98,1,33,1766651474
2026/01/02 22:59:14.830,SELL,DOGE/BTC,102,1,135,1766651474
2026/01/02 22:59:14.830,BUY,DOGE/BTC,97,1,38,1766651474
2026/01/02 22:59:14.830,SELL,DOGE/BTC,103,1,141,1766651474
2026/01/02 22:59:14.830,BUY,DOGE/BTC,96,1,45,1766651474
2026/01/02 22:59:14.830,SELL,DOGE/BTC,104,1,149,1766651474
2026/01/02 22:59:14.830,BUY,DOGE/BTC,95,1,54,1766651474
2026/01/02 22:59:14.830,SELL,DOGE/BTC,105,1,159,1766651474
2026/01/02 22:59:14.830,BUY,DOGE/USDT,99,1,60,1766651474
2026/01/02 22:59:14.830,SELL,DOGE/USDT,101,1,161,1766651474
2026/01/02 22:59:14.830,BUY,DOGE/USDT,98,1,63,1766651474
2026/01/02 22:59:14.830,SELL,DOGE/USDT,102,1,165,1766651474
2026/01/02 22:59:14.830,BUY,DOGE/USDT,97,1,68,1766651474
2026/01/02 22:59:14.830,SELL,DOGE/USDT,103,1,171,1766651474
2026/01/02 22:59:14.830,BUY,DOGE/USDT,96,1,75,1766651474
2026/01/02 22:59:14.830,SELL,DOGE/USDT,104,1,179,1766651474
2026/01/02 22:59:14.830,BUY,DOGE/USDT,95,1,84,1766651474
2026/01/02 22:59:14.830,SELL,DOGE/USDT,105,1,189,1766651474
2026/01/02 22:59:14.830,BUY,ETH/BTC,99,1,90,1766651474
2026/01/02 22:59:14.830,SELL,ETH/BTC,101,1,191,1766651474
2026/01/02 22:59:14.830,BUY,ETH/BTC,98,1,93,1766651474
2026/01/02 22:59:14.830,SELL,ETH/BTC,102,1,195,1766651474
2026/01/02 22:59:14.830,BUY,ETH/BTC,97,1,98,1766651474
2026/01/02 22:59:14.830,SELL,ETH/BTC,103,1,201,1766651474
2026/01/02 22:59:14.830,BUY,ETH/BTC,96,1,105,1766651474
2026/01/02 22:59:14.830,SELL,ETH/BTC,104,1,209,1766651474
2026/01/02 22:59:14.830,BUY,ETH/BTC,95,1,114,1766651474
2026/01/02 22:59:14.830,SELL,ETH/BTC,105,1,219,1766651474
2026/01/02 22:59:14.830,BUY,ETH/USDT,99,1,120,1766651474
2026/01/02 22:59:14.830,SELL,ETH/USDT,101,1,221,1766651474
2026/01/02 22:59:14.830,BUY,ETH/USDT,98,1,123,1766651474
2026/01/02 22:59:14.830,SELL,ETH/USDT,102,1,225,1766651474
2026/01/02 22:59:14.830,BUY,ETH/USDT,97,1,128,1766651474
2026/01/02 22:59:14.830,SELL,ETH/USDT,103,1,231,1766651474
2026/01/02 22:59:14.830,BUY,ETH/USDT,96,1,135,1766651474
2026/01/02 22:59:14.830,SELL,ETH/USDT,104,1,239,1766651474
2026/01/02 22:59:14.830,BUY,ETH/USDT,95,1,144,1766651474
2026/01/02 22:59:14.830,SELL,ETH/USDT,105,1,249,1766651474
2026/01/03 10:03:08.833,WALLET,100,0,100,100,9353803910
2026/01/03 10:03:20.545,WALLET,BTC,0,100,110,9353803910
2026/01/03 10:03:30.609,WALLET,ETH,0,100,100,9353803910
2020/06/01 11:57:30.328127,bid,ETH/BTC,10,5,110,9353803910
2020/06/01 11:57:30.328127,ask,ETH/BTC,1,1,100,9353803910
2026/01/03 10:17:41.266,WALLET,BTC,0,100,110,9353803910
2026/01/03 10:18:00.703,WALLET,ETH,0,100,100,9353803910
2026/01/03 10:19:38.616,WALLET,USD,0,1000,1000,9353803910
2026/01/03 10:24:36.672,WALLET,BTC,0,100,110,9353803910
2026/01/03 10:27:01.252,WALLET,BTC,0,500,510,9353803910
2026/01/03 10:30:36.024,WALLET,BTC,0,200,210,1766651474
2026/01/03 10:31:45.629,WALLET,USD,0,250,250,9353803910
2026/01/03 10:33:11.403,WALLET,BTC,0,200,210,9353803910
2026/01/03 10:33:17.260,WALLET,ETH,0,200,200,9353803910
2020/06/01 11:57:30.328127,BUY,ETH/BTC,10,5,210,9353803910
2026/01/03 10:59:02.481,WALLET,BTC,0,100,110,9353803910
2026/01/03 10:59:07.836,WALLET,ETH,0,100,100,9353803910
2020/06/01 11:57:30.328127,BUY,ETH/BTC,10,5,110,9353803910
2026/01/03 11:00:52.789,WALLET,USD,0,100,100,9353803910
2026/01/03 12:06:14.956,WALLET,BTC,0,100,110,9353803910
2026/01/03 12:06:24.069,WALLET,ETH,0,100,100,9353803910
2020/06/01 11:57:30.328127,BUY,ETH/BTC,1,1,110,9353803910
2020/06/01 11:57:35.334211,BUY,ETH/BTC,1,1,110.025,9353803910
2026/01/03 12:29:22.497,WALLET,ETH,0,100,100,9353803910
2026/01/03 12:29:31.337,WALLET,BTC,0,100,110,9353803910
2020/06/01 11:57:30.328127,BUY,ETH/BTC,10,5,110,9353803910
2020/06/01 11:57:30.328127,SELL,ETH/BTC,1,1,100,9353803910
2026/01/03 12:37:35.662,WALLET,ETH,0,100,100,9353803910
2026/01/03 12:37:44.740,WALLET,BTC,0,100,110,9353803910
2020/06/01 11:57:30.328127,SELL,ETH/BTC,10,5,100,9353803910
2020/06/01 11:57:30.328127,BUY,ETH/BTC,1,1,110,9353803910
2026/01/03 12:51:25.537,WALLET,BTC,0,100,110,9353803910
2026/01/03 12:51:30.955,WALLET,ETH,0,100,100,9353803910
2020/06/01 11:57:30.328127,BUY,ET/BTC,1,1,10,1766651474
2020/06/01 11:57:30.328127,BUY,ETH/BTC,1,1,10,1766651474
2020/06/01 11:57:30.328127,BUY,ETH/BTC,1,1,10,1766651474
2020/06/01 11:57:30.328127,BUY,ETH/BTC,1,1,10,1766651474
2026/01/03 20:02:53.102,WALLET,BTC,0,100,110,6379567984
2026/01/03 20:03:04.565,WALLET,ETH,0,200,200,6379567984
2020/06/01 11:57:30.328127,BUY,ETH/BTC,10,5,110,6379567984
2026/01/03 20:46:19.938,WALLET,ETC,0,100,100,6379567984
2026/01/03 20:46:30.048,WALLET,BTC,0,100,110,6379567984
2026/01/03 20:46:50.759,WALLET,ETH,0,100,100,6379567984
2020/06/01 11:57:30.328127,BUY,ETH/BTC,10,5,110,6379567984
2026/01/03 22:03:37.939,WALLET,BTC,0,100,110,6379567984
2026/01/03 22:05:34.531,WALLET,ETH,0,200,200,6379567984
2020/06/01 11:57:30.328127,BUY,ETH/BTC,10,5,110,6379567984
2026/01/03 22:18:03.613,SELL,BTC/USDT,101,1,101,6379567984
2026/01/03 22:18:03.613,BUY,BTC/USDT,98,1,3,6379567984
2026/01/03 22:18:03.613,SELL,BTC/USDT,102,1,105,6379567984
2026/01/03 22:18:03.613,BUY,BTC/USDT,97,1,8,6379567984
2026/01/03 22:18:03.613,SELL,BTC/USDT,103,1,111,6379567984
2026/01/03 22:18:03.613,BUY,BTC/USDT,96,1,15,6379567984
2026/01/03 22:18:03.613,SELL,BTC/USDT,104,1,119,6379567984
2026/01/03 22:18:03.613,BUY,BTC/USDT,95,1,24,6379567984
2026/01/03 22:18:03.613,SELL,BTC/USDT,105,1,129,6379567984
2026/01/03 22:18:03.613,BUY,DOGE/BTC,99,1,30,6379567984
2026/01/03 22:18:03.613,SELL,DOGE/BTC,101,1,131,6379567984
2026/01/03 22:18:03.613,BUY,DOGE/BTC,98,1,33,6379567984
2026/01/03 22:18:03.613,SELL,DOGE/BTC,102,1,135,6379567984
2026/01/03 22:18:03.613,BUY,DOGE/BTC,97,1,38,6379567984
2026/01/03 22:18:03.613,SELL,DOGE/BTC,103,1,141,6379567984
2026/01/03 22:18:03.613,BUY,DOGE/BTC,96,1,45,6379567984
2026/01/03 22:18:03.613,SELL,DOGE/BTC,104,1,149,6379567984
2026/01/03 22:18:03.613,BUY,DOGE/BTC,95,1,54,6379567984
2026/01/03 22:18:03.613,SELL,DOGE/BTC,105,1,159,6379567984
2026/01/03 22:18:03.613,BUY,DOGE/USDT,99,1,60,6379567984
2026/01/03 22:18:03.613,SELL,DOGE/USDT,101,1,161,6379567984
2026/01/03 22:18:03.613,BUY,DOGE/USDT,98,1,63,6379567984
2026/01/03 22:18:03.613,SELL,DOGE/USDT,102,1,165,6379567984
2026/01/03 22:18:03.613,BUY,DOGE/USDT,97,1,68,6379567984
2026/01/03 22:18:03.613,SELL,DOGE/USDT,103,1,171,6379567984
2026/01/03 22:18:03.613,BUY,DOGE/USDT,96,1,75,6379567984
2026/01/03 22:18:03.613,SELL,DOGE/USDT,104,1,179,6379567984
2026/01/03 22:18:03.613,BUY,DOGE/USDT,95,1,84,6379567984
2026/01/03 22:18:03.613,SELL,DOGE/USDT,105,1,189,6379567984
2026/01/03 22:18:03.613,BUY,ETH/BTC,99,1,90,6379567984
2026/01/03 22:18:03.613,SELL,ETH/BTC,101,1,191,6379567984
2026/01/03 22:18:03.613,BUY,ETH/BTC,98,1,93,6379567984
2026/01/03 22:18:03.613,SELL,ETH/BTC,102,1,195,6379567984
2026/01/03 22:18:03.613,BUY,ETH/BTC,97,1,98,6379567984
2026/01/03 22:18:03.613,SELL,ETH/BTC,103,1,201,6379567984
2026/01/03 22:18:03.613,BUY,ETH/BTC,96,1,105,6379567984
2026/01/03 22:18:03.613,SELL,ETH/BTC,104,1,209,6379567984
2026/01/03 22:18:03.613,BUY,ETH/BTC,95,1,114,6379567984
2026/01/03 22:18:03.613,SELL,ETH/BTC,105,1,219,6379567984
2026/01/03 22:18:03.613,BUY,ETH/USDT,99,1,120,6379567984
2026/01/03 22:18:03.613,SELL,ETH/USDT,101,1,221,6379567984
2026/01/03 22:18:03.613,BUY,ETH/USDT,98,1,123,6379567984
2026/01/03 22:18:03.613,SELL,ETH/USDT,102,1,225,6379567984
2026/01/03 22:18:03.613,BUY,ETH/USDT,97,1,128,6379567984
2026/01/03 22:18:03.613,SELL,ETH/USDT,103,1,231,6379567984
2026/01/03 22:18:03.613,BUY,ETH/USDT,96,1,135,6379567984
2026/01/03 22:18:03.613,SELL,ETH/USDT,104,1,239,6379567984
2026/01/03 22:18:03.613,BUY,ETH/USDT,95,1,144,6379567984
2026/01/03 22:18:03.613,SELL,ETH/USDT,105,1,249,6379567984
2026/01/04 13:00:57.504,SELL,BTC/USDT,101,1,101,6379567984
2026/01/04 13:00:57.504,BUY,DOGE/USDT,99,1,2,6379567984
2026/01/04 13:00:57.504,SELL,DOGE/USDT,101,1,103,6379567984
2026/01/04 13:00:57.504,BUY,ETH/USDT,99,1,4,6379567984
2026/01/04 13:00:57.504,SELL,ETH/USDT,101,1,105,6379567984
2026/01/04 13:01:46.712,BUY,BTC/USDT,99,1,6,6379567984
2026/01/04 13:01:46.712,SELL,BTC/USDT,101,1,107,6379567984
2026/01/04 13:01:46.712,BUY,DOGE/USDT,99,1,8,6379567984
2026/01/04 13:01:46.712,SELL,DOGE/USDT,101,1,109,6379567984
2026/01/04 13:01:46.712,BUY,ETH/USDT,99,1,10,6379567984
2026/01/04 13:01:46.712,SELL,ETH/USDT,101,1,111,6379567984
2026/01/04 13:03:11.122,SELL,BTC/USDT,101,1,101,6379567984
2026/01/04 13:03:11.122,BUY,DOGE/USDT,99,1,2,6379567984
2026/01/04 13:03:11.122,SELL,DOGE/USDT,101,1,103,6379567984
2026/01/04 13:03:11.122,BUY,ETH/USDT,99,1,4,6379567984
2026/01/04 13:03:11.122,SELL,ETH/USDT,101,1,105,6379567984
2026/01/04 14:19:44.810,SELL,BTC/USDT,101,1,101,6379567984
2026/01/04 14:19:44.810,BUY,DOGE/USDT,99,1,2,6379567984
2026/01/04 14:19:44.810,SELL,DOGE/USDT,101,1,103,6379567984
2026/01/04 14:19:44.810,BUY,ETH/USDT,99,1,4,6379567984
2026/01/04 14:19:44.810,SELL,ETH/USDT,101,1,105,6379567984
2026/01/04 14:33:54.574,SELL,BTC/USDT,101,1,101,6379567984
2026/01/04 14:33:54.574,BUY,DOGE/USDT,99,1,2,6379567984
2026/01/04 14:33:54.574,SELL,DOGE/USDT,101,1,103,6379567984
2026/01/04 14:33:54.574,BUY,ETH/USDT,99,1,4,6379567984
2026/01/04 14:33:54.574,SELL,ETH/USDT,101,1,105,6379567984
2026/01/04 15:53:45.584,Deposit,BTC,0,100,110,1340177347
2026/01/04 15:53:59.088,Deposit,ETC,0,750,750,1340177347
2026/01/04 15:54:43.982,Withdraw,ETC,0,-200,550,1340177347
2026/01/04 16:03:36.897,Deposit,BTC,0,500,510,1340177347
2026/01/04 16:04:53.030,Deposit,ETH,0,300,300,1340177347
2020/06/01 11:57:35.334211,BUY,ETH/BTC,1,1,510,1340177347
2026/01/04 16:19:48.579,Deposit,BTC,0,100,110,6379567984
2026/01/04 16:19:54.998,Deposit,ETH,0,200,200,6379567984
2020/06/01 11:57:30.328127,BUY,ETH/BTC,10,5,110,6379567984
2020/06/01 11:57:30.328127,trade,ETH/BTC,0.0248261,5,200,6379567984
2026/01/04 16:31:24.711,Deposit,ETH,0,200,200,6379567984
2026/01/04 16:31:33.976,Deposit,BTC,0,100,110,6379567984
2020/06/01 11:57:30.328127,BUY,ETH/BTC,10,5,110,6379567984
2026/01/04 16:43:19.520,Deposit,ETH,0,100,100,6379567984
2026/01/04 16:43:29.520,Deposit,BTC,0,100,110,6379567984
2020/06/01 11:57:30.328127,BUY,ETH/BTC,10,5,110,6379567984
2026/01/04 16:47:52.509,Deposit,BTC,0,100,110,6379567984
2026/01/04 16:47:58.060,Deposit,ETH,0,100,100,6379567984
2020/06/01 11:57:30.328127,BUY,ETH/BTC,10,5,110,6379567984
2020/06/01 11:57:30.328127,trade,ETH/BTC,0.0248261,5,100,6379567984
2026/01/04 16:49:37.216,Deposit,BTC,0,100,110,6379567984
2026/01/04 16:49:42.867,Deposit,BTC,0,100,210,6379567984
2026/01/04 16:49:51.521,Deposit,ETH,0,100,100,6379567984
2020/06/01 11:57:30.328127,BUY,ETH/BTC,10,5,210,6379567984
2020/06/01 11:57:30.328127,trade,ETH/BTC,0.0248261,5,100,6379567984
2026/01/04 16:53:35.354,Deposit,BTC,0,100,110,6379567984
2026/01/04 16:53:40.206,Deposit,ETH,0,100,100,6379567984
2020/06/01 11:57:30.328127,BUY,ETH/BTC,10,5,110,6379567984
2020/06/01 11:57:30.328127,trade,ETH/BTC,0.0248261,5,105,6379567984
2026/01/04 17:26:56.625,Deposit,BTC,0,300,310,6379567984
2026/01/04 17:27:02.879,Deposit,ETH,0,500,500,6379567984
2020/06/01 11:57:30.328127,BUY,ETH/BTC,10,5,310,6379567984
2020/06/01 11:57:30.328127,trade,ETH/BTC,0.0248261,5,505,6379567984
2026/01/04 18:33:52.268,Deposit,BTC,0,100,110,6379567984
2026/01/04 18:34:01.607,Deposit,ETH,0,200,200,6379567984
2020/06/01 11:57:30.328127,BUY,ETH/BTC,10,5,110,6379567984
2020/06/01 11:57:30.328127,trade,ETH/BTC,0.0248261,5,205,6379567984
2026/01/04 19:07:53.886,Deposit,BTC,0,100,110,6379567984
2026/01/04 19:07:58.652,Deposit,ETH,0,200,200,6379567984
2020/06/01 11:57:30.328127,BUY,ETH/BTC,10,5,110,6379567984
2020/06/01 11:57:30.328127,trade,ETH/BTC,0.0248261,5,205,6379567984
2026/01/06 14:57:39.008,Deposit,BTC,0,500,510,5917077427
2020/06/01 11:57:30.328127,BUY,ETH/BTC,200,0.5,500,5917077427
2026/01/06 17:23:00.916,Deposit,USDT,0,700,700,5917077427
2020/06/01 11:57:30.328127,SELL,ETH/BTH ,200,0.5,0.5,5917077427
2020/06/01 11:57:30.328127,SELL,USDT/BTC,100,60,700,5917077427
2026/01/06 18:13:38.047,BUY,BTC/USDT,99,1,601,5917077427
2026/01/06 18:13:38.047,SELL,BTC/USDT,101,1,702,5917077427
2026/01/06 18:13:38.047,BUY,DOGE/BTC,99,1,301,5917077427
2026/01/06 18:13:38.047,SELL,DOGE/BTC,101,1,402,5917077427
2026/01/06 18:13:38.047,BUY,DOGE/USDT,99,1,603,5917077427
2026/01/06 18:13:38.047,SELL,DOGE/USDT,101,1,704,5917077427
2026/01/06 18:13:38.047,BUY,ETH/BTC,99,1,303,5917077427
2026/01/06 18:13:38.047,SELL,ETH/BTC,101,1,404,5917077427
2026/01/06 18:13:38.047,BUY,ETH/USDT,99,1,605,5917077427
2026/01/06 18:13:38.047,SELL,ETH/USDT,101,1,706,5917077427
2026/01/06 18:13:38.047,BUY,USDT/BTC,99,1,305,5917077427
2026/01/06 18:13:38.047,SELL,USDT/BTC,101,1,406,5917077427
2026/01/06 18:19:39.839,Deposit,USDT,0,700,700,4527085408
2026/01/06 18:19:48.310,Deposit,BTC,0,846,846,4527085408
2026/01/06 18:19:59.471,Deposit,ETH,0,591,591,4527085408
2026/01/06 19:08:08.188,Deposit,BTC,0,164,1010,4527085408
2026/01/06 19:08:23.797,Withdraw,BTC,0,-10,1000,4527085408
2020/06/01 11:57:30.328127,BID,ETH/BTC,10,5,1000,4527085408
2020/06/01 11:57:30.328127,BUY,ETH/BTC,0.0248261,5,999.876,4527085408
2026/01/06 20:14:22.558,Deposit,USDT,0,142550,143250,4527085408
2026/01/06 20:14:22.564,BUY,BTC/USDT,9508.37,1,133742,4527085408
2026/01/06 20:14:22.568,SELL,BTC/USDT,9546.48,1,143288,4527085408
2026/01/06 20:14:22.839,BUY,BTC/USDT,9520.12,1,133768,4527085408
2026/01/06 20:14:22.843,SELL,BTC/USDT,9558.28,1,143326,4527085408
2026/01/06 20:14:23.105,BUY,BTC/USDT,9547.48,1,133779,4527085408
2026/01/06 20:14:23.111,SELL,BTC/USDT,9585.75,1,143365,4527085408
2026/01/06 20:14:23.373,BUY,BTC/USDT,9516.24,1,133848,4527085408
2026/01/06 20:14:23.379,SELL,BTC/USDT,9554.38,1,143403,4527085408
2026/01/06 20:14:23.639,BUY,BTC/USDT,9513.05,1,133890,4527085408
2026/01/06 20:14:23.646,SELL,BTC/USDT,9551.18,1,143441,4527085408
2026/01/06 20:14:24.441,BUY,DOGE/BTC,2.63768e-07,1,999.876,4527085408
2026/01/06 20:14:24.448,SELL,DOGE/BTC,2.64826e-07,1,999.876,4527085408
2026/01/06 20:14:24.712,BUY,DOGE/BTC,2.63506e-07,1,999.876,4527085408
2026/01/06 20:14:24.717,SELL,DOGE/BTC,2.64562e-07,1,999.876,4527085408
2026/01/06 20:14:24.979,BUY,DOGE/BTC,2.65195e-07,1,999.876,4527085408
2026/01/06 20:14:24.984,SELL,DOGE/BTC,2.66258e-07,1,999.876,4527085408
2026/01/06 20:14:25.246,BUY,DOGE/BTC,2.63355e-07,1,999.876,4527085408
2026/01/06 20:14:25.250,SELL,DOGE/BTC,2.64411e-07,1,999.876,4527085408
2026/01/06 20:14:25.513,BUY,DOGE/BTC,2.63865e-07,1,999.876,4527085408
2026/01/06 20:14:25.519,SELL,DOGE/BTC,2.64922e-07,1,999.876,4527085408
2026/01/06 20:14:26.307,BUY,DOGE/USDT,0.00257114,1,143441,4527085408
2026/01/06 20:14:26.317,SELL,DOGE/USDT,0.00258145,1,143441,4527085408
2026/01/06 20:14:26.579,BUY,DOGE/USDT,0.00256103,1,143441,4527085408
2026/01/06 20:14:26.585,SELL,DOGE/USDT,0.00257129,1,143441,4527085408
2026/01/06 20:14:26.851,BUY,DOGE/USDT,0.00256312,1,143441,4527085408
2026/01/06 20:14:26.860,SELL,DOGE/USDT,0.00257339,1,143441,4527085408
2026/01/06 20:14:27.118,BUY,DOGE/USDT,0.00256068,1,143441,4527085408
2026/01/06 20:14:27.123,SELL,DOGE/USDT,0.00257094,1,143441,4527085408
2026/01/06 20:14:27.384,BUY,DOGE/USDT,0.00255039,1,143441,4527085408
2026/01/06 20:14:27.389,SELL,DOGE/USDT,0.00256061,1,143441,4527085408
2026/01/06 20:14:28.185,BUY,ETH/BTC,0.0250369,1,999.851,4527085408
2026/01/06 20:14:28.193,SELL,ETH/BTC,0.0251372,1,999.876,4527085408
2026/01/06 20:14:28.462,BUY,ETH/BTC,0.0249167,1,999.851,4527085408
2026/01/06 20:14:28.466,SELL,ETH/BTC,0.0250166,1,999.876,4527085408
2026/01/06 20:14:28.728,BUY,ETH/BTC,0.0249498,1,999.851,4527085408
2026/01/06 20:14:28.736,SELL,ETH/BTC,0.0250498,1,999.876,4527085408
2026/01/06 20:14:28.999,BUY,ETH/BTC,0.0249751,1,999.851,4527085408
2026/01/06 20:14:29.003,SELL,ETH/BTC,0.0250752,1,999.876,4527085408
2026/01/06 20:14:29.268,BUY,ETH/BTC,0.0250226,1,999.851,4527085408
2026/01/06 20:14:29.276,SELL,ETH/BTC,0.0251229,1,999.876,4527085408
2026/01/06 20:14:30.078,BUY,ETH/USDT,238.512,1,143202,4527085408
2026/01/06 20:14:30.087,SELL,ETH/USDT,239.468,1,143442,4527085408
2026/01/06 20:14:30.361,BUY,ETH/USDT,238.407,1,143203,4527085408
2026/01/06 20:14:30.367,SELL,ETH/USDT,239.363,1,143443,4527085408
2026/01/06 20:14:30.629,BUY,ETH/USDT,238.811,1,143204,4527085408
2026/01/06 20:14:30.635,SELL,ETH/USDT,239.769,1,143444,4527085408
2026/01/06 20:14:30.894,BUY,ETH/USDT,238.552,1,143205,4527085408
2026/01/06 20:14:30.899,SELL,ETH/USDT,239.508,1,143445,4527085408
2026/01/06 20:14:31.161,BUY,ETH/USDT,238.39,1,143206,4527085408
2026/01/06 20:14:31.178,SELL,ETH/USDT,239.345,1,143446,4527085408
2026/01/06 20:17:25.058,BUY,BTC/USDT,9483.59,1,133962,4527085408
2026/01/06 20:17:25.064,SELL,BTC/USDT,9521.6,1,143484,4527085408
2026/01/06 20:17:25.335,BUY,BTC/USDT,9516.02,1,133968,4527085408
2026/01/06 20:17:25.341,SELL,BTC/USDT,9554.16,1,143522,4527085408
2026/01/06 20:17:25.604,BUY,BTC/USDT,9516.36,1,134005,4527085408
2026/01/06 20:17:25.609,SELL,BTC/USDT,9554.5,1,143560,4527085408
2026/01/06 20:17:25.873,BUY,BTC/USDT,9568.46,1,133991,4527085408
2026/01/06 20:17:25.879,SELL,BTC/USDT,9606.81,1,143598,4527085408
2026/01/06 20:17:26.148,BUY,BTC/USDT,9545.97,1,134052,4527085408
2026/01/06 20:17:26.154,SELL,BTC/USDT,9584.23,1,143636,4527085408
2026/01/06 20:17:26.949,BUY,DOGE/BTC,2.63655e-07,1,999.876,4527085408
2026/01/06 20:17:26.954,SELL,DOGE/BTC,2.64712e-07,1,999.876,4527085408
2026/01/06 20:17:27.216,BUY,DOGE/BTC,2.6347e-07,1,999.876,4527085408
2026/01/06 20:17:27.222,SELL,DOGE/BTC,2.64526e-07,1,999.876,4527085408
2026/01/06 20:17:27.486,BUY,DOGE/BTC,2.64287e-07,1,999.876,4527085408
2026/01/06 20:17:27.491,SELL,DOGE/BTC,2.65346e-07,1,999.876,4527085408
2026/01/06 20:17:27.752,BUY,DOGE/BTC,2.64752e-07,1,999.876,4527085408
2026/01/06 20:17:27.760,SELL,DOGE/BTC,2.65813e-07,1,999.876,4527085408
2026/01/06 20:17:28.018,BUY,DOGE/BTC,2.64431e-07,1,999.876,4527085408
2026/01/06 20:17:28.023,SELL,DOGE/BTC,2.65491e-07,1,999.876,4527085408
2026/01/06 20:17:28.803,BUY,DOGE/USDT,0.00255484,1,143636,4527085408
2026/01/06 20:17:28.810,SELL,DOGE/USDT,0.00256508,1,143636,4527085408
2026/01/06 20:17:29.075,BUY,DOGE/USDT,0.00254889,1,143636,4527085408
2026/01/06 20:17:29.080,SELL,DOGE/USDT,0.0025591,1,143636,4527085408
2026/01/06 20:17:29.341,BUY,DOGE/USDT,0.00255148,1,143636,4527085408
2026/01/06 20:17:29.348,SELL,DOGE/USDT,0.00256171,1,143636,4527085408
2026/01/06 20:17:29.619,BUY,DOGE/USDT,0.00255201,1,143636,4527085408
2026/01/06 20:17:29.629,SELL,DOGE/USDT,0.00256224,1,143636,4527085408
2026/01/06 20:17:29.895,BUY,DOGE/USDT,0.00255458,1,143636,4527085408
2026/01/06 20:17:29.898,SELL,DOGE/USDT,0.00256481,1,143636,4527085408
2026/01/06 20:17:30.670,BUY,ETH/BTC,0.0250337,1,999.851,4527085408
2026/01/06 20:17:30.676,SELL,ETH/BTC,0.0251341,1,999.876,4527085408
2026/01/06 20:17:30.948,BUY,ETH/BTC,0.0248629,1,999.852,4527085408
2026/01/06 20:17:30.953,SELL,ETH/BTC,0.0249625,1,999.877,4527085408
2026/01/06 20:17:31.213,BUY,ETH/BTC,0.0248965,1,999.852,4527085408
2026/01/06 20:17:31.218,SELL,ETH/BTC,0.0249963,1,999.877,4527085408
2026/01/06 20:17:31.480,BUY,ETH/BTC,0.0249845,1,999.852,4527085408
2026/01/06 20:17:31.485,SELL,ETH/BTC,0.0250847,1,999.877,4527085408
2026/01/06 20:17:31.746,BUY,ETH/BTC,0.0249118,1,999.852,4527085408
2026/01/06 20:17:31.751,SELL,ETH/BTC,0.0250116,1,999.877,4527085408
2026/01/06 20:17:32.561,BUY,ETH/USDT,238.736,1,143398,4527085408
2026/01/06 20:17:32.570,SELL,ETH/USDT,239.693,1,143637,4527085408
2026/01/06 20:17:32.836,BUY,ETH/USDT,236.963,1,143400,4527085408
2026/01/06 20:17:32.841,SELL,ETH/USDT,237.913,1,143638,4527085408
2026/01/06 20:17:33.106,BUY,ETH/USDT,237.623,1,143401,4527085408
2026/01/06 20:17:33.112,SELL,ETH/USDT,238.575,1,143639,4527085408
2026/01/06 20:17:33.370,BUY,ETH/USDT,239.192,1,143400,4527085408
2026/01/06 20:17:33.373,SELL,ETH/USDT,240.151,1,143640,4527085408
2026/01/06 20:17:33.635,BUY,ETH/USDT,237.703,1,143403,4527085408
2026/01/06 20:17:33.641,SELL,ETH/USDT,238.656,1,143641,4527085408
2026/01/06 20:19:19.707,BUY,BTC/USDT,9523.55,1,134118,4527085408
2026/01/06 20:19:19.712,SELL,BTC/USDT,9561.72,1,143679,4527085408
2026/01/06 20:19:19.983,BUY,BTC/USDT,9487.11,1,134192,4527085408
2026/01/06 20:19:19.987,SELL,BTC/USDT,9525.13,1,143717,4527085408
2026/01/06 20:19:20.250,BUY,BTC/USDT,9539.06,1,134178,4527085408
2026/01/06 20:19:20.256,SELL,BTC/USDT,9577.29,1,143756,4527085408
2026/01/06 20:19:20.517,BUY,BTC/USDT,9510.16,1,134246,4527085408
2026/01/06 20:19:20.522,SELL,BTC/USDT,9548.28,1,143794,4527085408
2026/01/06 20:19:20.784,BUY,BTC/USDT,9494.33,1,134299,4527085408
2026/01/06 20:19:20.791,SELL,BTC/USDT,9532.39,1,143832,4527085408
2026/01/06 20:19:21.607,BUY,DOGE/BTC,2.65602e-07,1,999.877,4527085408
2026/01/06 20:19:21.617,SELL,DOGE/BTC,2.66666e-07,1,999.877,4527085408
2026/01/06 20:19:21.881,BUY,DOGE/BTC,2.6414e-07,1,999.877,4527085408
2026/01/06 20:19:21.887,SELL,DOGE/BTC,2.65198e-07,1,999.877,4527085408
2026/01/06 20:19:22.149,BUY,DOGE/BTC,2.65153e-07,1,999.877,4527085408
2026/01/06 20:19:22.154,SELL,DOGE/BTC,2.66216e-07,1,999.877,4527085408
2026/01/06 20:19:22.415,BUY,DOGE/BTC,2.64858e-07,1,999.877,4527085408
2026/01/06 20:19:22.420,SELL,DOGE/BTC,2.6592e-07,1,999.877,4527085408
2026/01/06 20:19:22.686,BUY,DOGE/BTC,2.6315e-07,1,999.877,4527085408
2026/01/06 20:19:22.694,SELL,DOGE/BTC,2.64205e-07,1,999.877,4527085408
2026/01/06 20:19:23.485,BUY,DOGE/USDT,0.00256278,1,143832,4527085408
2026/01/06 20:19:23.493,SELL,DOGE/USDT,0.00257305,1,143832,4527085408
2026/01/06 20:19:23.762,BUY,DOGE/USDT,0.00256419,1,143832,4527085408
2026/01/06 20:19:23.767,SELL,DOGE/USDT,0.00257447,1,143832,4527085408
2026/01/06 20:19:24.029,BUY,DOGE/USDT,0.00255683,1,143832,4527085408
2026/01/06 20:19:24.034,SELL,DOGE/USDT,0.00256707,1,143832,4527085408
2026/01/06 20:19:24.299,BUY,DOGE/USDT,0.00256931,1,143832,4527085408
2026/01/06 20:19:24.307,SELL,DOGE/USDT,0.00257961,1,143832,4527085408
2026/01/06 20:19:24.561,BUY,DOGE/USDT,0.00255021,1,143832,4527085408
2026/01/06 20:19:24.567,SELL,DOGE/USDT,0.00256043,1,143832,4527085408
2026/01/06 20:19:25.352,BUY,ETH/BTC,0.0250055,1,999.852,4527085408
2026/01/06 20:19:25.360,SELL,ETH/BTC,0.0251057,1,999.877,4527085408
2026/01/06 20:19:25.618,BUY,ETH/BTC,0.0248461,1,999.852,4527085408
2026/01/06 20:19:25.624,SELL,ETH/BTC,0.0249457,1,999.877,4527085408
2026/01/06 20:19:25.888,BUY,ETH/BTC,0.024962,1,999.852,4527085408
2026/01/06 20:19:25.894,SELL,ETH/BTC,0.025062,1,999.877,4527085408
2026/01/06 20:19:26.154,BUY,ETH/BTC,0.0248514,1,999.852,4527085408
2026/01/06 20:19:26.160,SELL,ETH/BTC,0.024951,1,999.877,4527085408
2026/01/06 20:19:26.416,BUY,ETH/BTC,0.024971,1,999.852,4527085408
2026/01/06 20:19:26.419,SELL,ETH/BTC,0.025071,1,999.877,4527085408
2026/01/06 20:19:27.229,BUY,ETH/USDT,237.8,1,143594,4527085408
2026/01/06 20:19:27.235,SELL,ETH/USDT,238.754,1,143833,4527085408
2026/01/06 20:19:27.504,BUY,ETH/USDT,238.692,1,143594,4527085408
2026/01/06 20:19:27.509,SELL,ETH/USDT,239.648,1,143834,4527085408
2026/01/06 20:19:27.771,BUY,ETH/USDT,238.611,1,143595,4527085408
2026/01/06 20:19:27.777,SELL,ETH/USDT,239.568,1,143835,4527085408
2026/01/06 20:19:28.039,BUY,ETH/USDT,237.251,1,143597,4527085408
2026/01/06 20:19:28.047,SELL,ETH/USDT,238.202,1,143836,4527085408
2026/01/06 20:19:28.317,BUY,ETH/USDT,238.697,1,143597,4527085408
2026/01/06 20:19:28.326,SELL,ETH/USDT,239.654,1,143837,4527085408
2026/01/06 20:21:56.187,BUY,BTC/USDT,9506.09,1,134331,4527085408
2026/01/06 20:21:56.244,SELL,BTC/USDT,9544.19,1,143875,4527085408
2026/01/06 20:21:56.531,BUY,BTC/USDT,9530.32,1,134344,4527085408
2026/01/06 20:21:56.537,SELL,BTC/USDT,9568.51,1,143913,4527085408
2026/01/06 20:21:56.798,BUY,BTC/USDT,9534.17,1,134379,4527085408
2026/01/06 20:21:56.804,SELL,BTC/USDT,9572.38,1,143951,4527085408
2026/01/06 20:21:57.064,BUY,BTC/USDT,9553.96,1,134397,4527085408
2026/01/06 20:21:57.070,SELL,BTC/USDT,9592.25,1,143989,4527085408
2026/01/06 20:21:57.331,BUY,BTC/USDT,9535.91,1,134454,4527085408
2026/01/06 20:21:57.338,SELL,BTC/USDT,9574.13,1,144028,4527085408
2026/01/06 20:21:58.142,BUY,DOGE/BTC,2.63915e-07,1,999.877,4527085408
2026/01/06 20:21:58.147,SELL,DOGE/BTC,2.64973e-07,1,999.877,4527085408
2026/01/06 20:21:58.404,BUY,DOGE/BTC,2.63599e-07,1,999.877,4527085408
2026/01/06 20:21:58.409,SELL,DOGE/BTC,2.64656e-07,1,999.877,4527085408
2026/01/06 20:21:58.674,BUY,DOGE/BTC,2.64628e-07,1,999.877,4527085408
2026/01/06 20:21:58.679,SELL,DOGE/BTC,2.65689e-07,1,999.877,4527085408
2026/01/06 20:21:58.941,BUY,DOGE/BTC,2.63644e-07,1,999.877,4527085408
2026/01/06 20:21:58.948,SELL,DOGE/BTC,2.647e-07,1,999.877,4527085408
2026/01/06 20:21:59.207,BUY,DOGE/BTC,2.64122e-07,1,999.877,4527085408
2026/01/06 20:21:59.209,SELL,DOGE/BTC,2.65181e-07,1,999.877,4527085408
2026/01/06 20:21:59.995,BUY,DOGE/USDT,0.00255111,1,144028,4527085408
2026/01/06 20:22:00.002,SELL,DOGE/USDT,0.00256134,1,144028,4527085408
2026/01/06 20:22:00.262,BUY,DOGE/USDT,0.00255811,1,144028,4527085408
2026/01/06 20:22:00.268,SELL,DOGE/USDT,0.00256837,1,144028,4527085408
2026/01/06 20:22:00.528,BUY,DOGE/USDT,0.00256501,1,144028,4527085408
2026/01/06 20:22:00.534,SELL,DOGE/USDT,0.00257529,1,144028,4527085408
2026/01/06 20:22:00.809,BUY,DOGE/USDT,0.00255219,1,144028,4527085408
2026/01/06 20:22:00.820,SELL,DOGE/USDT,0.00256241,1,144028,4527085408
2026/01/06 20:22:01.083,BUY,DOGE/USDT,0.00255716,1,144028,4527085408
2026/01/06 20:22:01.089,SELL,DOGE/USDT,0.00256741,1,144028,4527085408
2026/01/06 20:22:01.871,BUY,ETH/BTC,0.0249945,1,999.852,4527085408
2026/01/06 20:22:01.876,SELL,ETH/BTC,0.0250947,1,999.877,4527085408
2026/01/06 20:22:02.146,BUY,ETH/BTC,0.0249831,1,999.852,4527085408
2026/01/06 20:22:02.151,SELL,ETH/BTC,0.0250832,1,999.878,4527085408
2026/01/06 20:22:02.413,BUY,ETH/BTC,0.0248109,1,999.853,4527085408
2026/01/06 20:22:02.419,SELL,ETH/BTC,0.0249104,1,999.878,4527085408
2026/01/06 20:22:02.676,BUY,ETH/BTC,0.0248507,1,999.853,4527085408
2026/01/06 20:22:02.682,SELL,ETH/BTC,0.0249503,1,999.878,4527085408
2026/01/06 20:22:02.942,BUY,ETH/BTC,0.0248742,1,999.853,4527085408
2026/01/06 20:22:02.948,SELL,ETH/BTC,0.0249739,1,999.878,4527085408
2026/01/06 20:22:03.787,BUY,ETH/USDT,238.051,1,143790,4527085408
2026/01/06 20:22:03.794,SELL,ETH/USDT,239.005,1,144029,4527085408
2026/01/06 20:22:04.064,BUY,ETH/USDT,238.244,1,143790,4527085408
2026/01/06 20:22:04.071,SELL,ETH/USDT,239.199,1,144030,4527085408
2026/01/06 20:22:04.331,BUY,ETH/USDT,237.418,1,143792,4527085408
2026/01/06 20:22:04.336,SELL,ETH/USDT,238.37,1,144031,4527085408
2026/01/06 20:22:04.596,BUY,ETH/USDT,238.14,1,143792,4527085408
2026/01/06 20:22:04.600,SELL,ETH/USDT,239.094,1,144031,4527085408
2026/01/06 20:22:04.860,BUY,ETH/USDT,238.427,1,143793,4527085408
2026/01/06 20:22:04.867,SELL,ETH/USDT,239.383,1,144032,4527085408
2026/01/06 20:33:32.453,Deposit,BTC,0,500,1499.88,4527085408
2026/01/06 20:38:34.547,Deposit,BTC,0,1000,2499.88,4527085408
2020/06/01 11:57:35.334211,BID,ETH/BTC,10,5,2499.88,4527085408
2020/06/01 11:57:35.334211,BUY,ETH/BTC,0.0248467,5,2499.75,4527085408
2026/01/06 20:46:37.721,BUY,BTC/USDT,9514.53,1,134518,4527085408
2026/01/06 20:46:37.733,SELL,BTC/USDT,9552.66,1,144071,4527085408
2026/01/06 20:46:38.083,BUY,BTC/USDT,9488.66,1,134582,4527085408
2026/01/06 20:46:38.089,SELL,BTC/USDT,9526.69,1,144109,4527085408
2026/01/06 20:46:38.346,BUY,BTC/USDT,9492.59,1,134616,4527085408
2026/01/06 20:46:38.352,SELL,BTC/USDT,9530.64,1,144147,4527085408
2026/01/06 20:46:38.611,BUY,BTC/USDT,9541.06,1,134606,4527085408
2026/01/06 20:46:38.617,SELL,BTC/USDT,9579.3,1,144185,4527085408
2026/01/06 20:46:38.877,BUY,BTC/USDT,9571.47,1,134613,4527085408
2026/01/06 20:46:38.885,SELL,BTC/USDT,9609.83,1,144223,4527085408
2026/01/06 20:46:39.700,BUY,DOGE/BTC,2.65003e-07,1,2499.75,4527085408
2026/01/06 20:46:39.709,SELL,DOGE/BTC,2.66065e-07,1,2499.75,4527085408
2026/01/06 20:46:39.981,BUY,DOGE/BTC,2.64519e-07,1,2499.75,4527085408
2026/01/06 20:46:39.990,SELL,DOGE/BTC,2.65579e-07,1,2499.75,4527085408
2026/01/06 20:46:40.262,BUY,DOGE/BTC,2.63732e-07,1,2499.75,4527085408
2026/01/06 20:46:40.268,SELL,DOGE/BTC,2.64789e-07,1,2499.75,4527085408
2026/01/06 20:46:40.529,BUY,DOGE/BTC,2.65147e-07,1,2499.75,4527085408
2026/01/06 20:46:40.535,SELL,DOGE/BTC,2.66209e-07,1,2499.75,4527085408
2026/01/06 20:46:40.796,BUY,DOGE/BTC,2.65011e-07,1,2499.75,4527085408
2026/01/06 20:46:40.803,SELL,DOGE/BTC,2.66073e-07,1,2499.75,4527085408
2026/01/06 20:46:41.677,BUY,DOGE/USDT,0.00255492,1,144223,4527085408
2026/01/06 20:46:41.683,SELL,DOGE/USDT,0.00256516,1,144223,4527085408
2026/01/06 20:46:41.949,BUY,DOGE/USDT,0.00254962,1,144223,4527085408
2026/01/06 20:46:41.954,SELL,DOGE/USDT,0.00255984,1,144223,4527085408
2026/01/06 20:46:42.220,BUY,DOGE/USDT,0.00254998,1,144223,4527085408
2026/01/06 20:46:42.228,SELL,DOGE/USDT,0.0025602,1,144223,4527085408
2026/01/06 20:46:42.487,BUY,DOGE/USDT,0.00256994,1,144223,4527085408
2026/01/06 20:46:42.494,SELL,DOGE/USDT,0.00258024,1,144223,4527085408
2026/01/06 20:46:42.754,BUY,DOGE/USDT,0.00255237,1,144223,4527085408
2026/01/06 20:46:42.759,SELL,DOGE/USDT,0.0025626,1,144223,4527085408
2026/01/06 20:46:43.580,BUY,ETH/BTC,0.024987,1,2499.73,4527085408
2026/01/06 20:46:43.587,SELL,ETH/BTC,0.0250872,1,2499.75,4527085408
2026/01/06 20:46:43.855,BUY,ETH/BTC,0.0249991,1,2499.73,4527085408
2026/01/06 20:46:43.861,SELL,ETH/BTC,0.0250993,1,2499.75,4527085408
2026/01/06 20:46:44.122,BUY,ETH/BTC,0.0249166,1,2499.73,4527085408
2026/01/06 20:46:44.131,SELL,ETH/BTC,0.0250164,1,2499.75,4527085408
2026/01/06 20:46:44.405,BUY,ETH/BTC,0.0249459,1,2499.73,4527085408
2026/01/06 20:46:44.409,SELL,ETH/BTC,0.0250459,1,2499.75,4527085408
2026/01/06 20:46:44.672,BUY,ETH/BTC,0.0249442,1,2499.73,4527085408
2026/01/06 20:46:44.679,SELL,ETH/BTC,0.0250442,1,2499.75,4527085408
2026/01/06 20:46:45.511,BUY,ETH/USDT,238.426,1,143985,4527085408
2026/01/06 20:46:45.518,SELL,ETH/USDT,239.382,1,144224,4527085408
2026/01/06 20:46:45.786,BUY,ETH/USDT,238.641,1,143986,4527085408
2026/01/06 20:46:45.793,SELL,ETH/USDT,239.598,1,144225,4527085408
2026/01/06 20:46:46.051,BUY,ETH/USDT,236.932,1,143988,4527085408
2026/01/06 20:46:46.057,SELL,ETH/USDT,237.882,1,144226,4527085408
2026/01/06 20:46:46.321,BUY,ETH/USDT,238.392,1,143988,4527085408
2026/01/06 20:46:46.328,SELL,ETH/USDT,239.347,1,144227,4527085408
2026/01/06 20:46:46.587,BUY,ETH/USDT,237.402,1,143990,4527085408
2026/01/06 20:46:46.593,SELL,ETH/USDT,238.353,1,144228,4527085408
2026/01/06 23:14:20.369,BUY,BTC/USDT,9534.21,1,134694,4527085408
2026/01/06 23:14:20.380,SELL,BTC/USDT,9572.42,1,144266,4527085408
2026/01/06 23:14:20.642,BUY,BTC/USDT,9555.7,1,134711,4527085408
2026/01/06 23:14:20.647,SELL,BTC/USDT,9594,1,144305,4527085408
2026/01/06 23:14:20.907,BUY,BTC/USDT,9532.04,1,134772,4527085408
2026/01/06 23:14:20.912,SELL,BTC/USDT,9570.25,1,144343,4527085408
2026/01/06 23:14:21.174,BUY,BTC/USDT,9552.9,1,134790,4527085408
2026/01/06 23:14:21.177,SELL,BTC/USDT,9591.19,1,144381,4527085408
2026/01/06 23:14:21.441,BUY,BTC/USDT,9575.09,1,134806,4527085408
2026/01/06 23:14:21.444,SELL,BTC/USDT,9613.47,1,144419,4527085408
2026/01/06 23:14:22.217,BUY,DOGE/BTC,2.6565e-07,1,2499.75,4527085408
2026/01/06 23:14:22.223,SELL,DOGE/BTC,2.66714e-07,1,2499.75,4527085408
2026/01/06 23:14:22.479,BUY,DOGE/BTC,2.64275e-07,1,2499.75,4527085408
2026/01/06 23:14:22.484,SELL,DOGE/BTC,2.65334e-07,1,2499.75,4527085408
2026/01/06 23:14:22.750,BUY,DOGE/BTC,2.64726e-07,1,2499.75,4527085408
2026/01/06 23:14:22.758,SELL,DOGE/BTC,2.65787e-07,1,2499.75,4527085408
2026/01/06 23:14:23.022,BUY,DOGE/BTC,2.63588e-07,1,2499.75,4527085408
2026/01/06 23:14:23.029,SELL,DOGE/BTC,2.64644e-07,1,2499.75,4527085408
2026/01/06 23:14:23.298,BUY,DOGE/BTC,2.63974e-07,1,2499.75,4527085408
2026/01/06 23:14:23.304,SELL,DOGE/BTC,2.65032e-07,1,2499.75,4527085408
2026/01/06 23:14:24.137,BUY,DOGE/USDT,0.00255521,1,144419,4527085408
2026/01/06 23:14:24.144,SELL,DOGE/USDT,0.00256545,1,144419,4527085408
2026/01/06 23:14:24.413,BUY,DOGE/USDT,0.00255475,1,144419,4527085408
2026/01/06 23:14:24.418,SELL,DOGE/USDT,0.00256499,1,144419,4527085408
2026/01/06 23:14:24.685,BUY,DOGE/USDT,0.00257153,1,144419,4527085408
2026/01/06 23:14:24.691,SELL,DOGE/USDT,0.00258184,1,144419,4527085408
2026/01/06 23:14:24.955,BUY,DOGE/USDT,0.00255587,1,144419,4527085408
2026/01/06 23:14:24.958,SELL,DOGE/USDT,0.00256611,1,144419,4527085408
2026/01/06 23:14:25.228,BUY,DOGE/USDT,0.00255195,1,144419,4527085408
2026/01/06 23:14:25.234,SELL,DOGE/USDT,0.00256218,1,144419,4527085408
2026/01/06 23:14:26.006,BUY,ETH/BTC,0.0249511,1,2499.73,4527085408
2026/01/06 23:14:26.012,SELL,ETH/BTC,0.0250511,1,2499.75,4527085408
2026/01/06 23:14:26.280,BUY,ETH/BTC,0.0249263,1,2499.73,4527085408
2026/01/06 23:14:26.285,SELL,ETH/BTC,0.0250262,1,2499.75,4527085408
2026/01/06 23:14:26.543,BUY,ETH/BTC,0.0248491,1,2499.73,4527085408
2026/01/06 23:14:26.548,SELL,ETH/BTC,0.0249487,1,2499.75,4527085408
2026/01/06 23:14:26.811,BUY,ETH/BTC,0.024917,1,2499.73,4527085408
2026/01/06 23:14:26.815,SELL,ETH/BTC,0.0250169,1,2499.75,4527085408
2026/01/06 23:14:27.077,BUY,ETH/BTC,0.0249461,1,2499.73,4527085408
2026/01/06 23:14:27.081,SELL,ETH/BTC,0.0250461,1,2499.75,4527085408
2026/01/06 23:14:27.894,BUY,ETH/USDT,237.275,1,144182,4527085408
2026/01/06 23:14:27.899,SELL,ETH/USDT,238.226,1,144420,4527085408
2026/01/06 23:14:28.160,BUY,ETH/USDT,238.87,1,144181,4527085408
2026/01/06 23:14:28.166,SELL,ETH/USDT,239.828,1,144421,4527085408
2026/01/06 23:14:28.427,BUY,ETH/USDT,238.442,1,144183,4527085408
2026/01/06 23:14:28.433,SELL,ETH/USDT,239.398,1,144422,4527085408
2026/01/06 23:14:28.700,BUY,ETH/USDT,239.082,1,144183,4527085408
2026/01/06 23:14:28.707,SELL,ETH/USDT,240.04,1,144423,4527085408
2026/01/06 23:14:28.969,BUY,ETH/USDT,238.417,1,144185,4527085408
2026/01/06 23:14:28.976,SELL,ETH/USDT,239.372,1,144424,4527085408
2026/01/07 01:55:14.029,Deposit,USDT,0,1000,145424,4527085408
2026/01/07 02:19:54.819,BUY,BTC/USDT,9486.23,1,135938,4527085408
2026/01/07 02:19:54.849,SELL,BTC/USDT,9524.25,1,145462,4527085408
2026/01/07 02:19:55.113,BUY,BTC/USDT,9547.78,1,135914,4527085408
2026/01/07 02:19:55.119,SELL,BTC/USDT,9586.05,1,145500,4527085408
2026/01/07 02:19:55.388,BUY,BTC/USDT,9544.44,1,135956,4527085408
2026/01/07 02:19:55.412,SELL,BTC/USDT,9582.69,1,145539,4527085408
2026/01/07 02:19:55.684,BUY,BTC/USDT,9487.47,1,136051,4527085408
2026/01/07 02:19:55.694,SELL,BTC/USDT,9525.5,1,145577,4527085408
2026/01/07 02:19:55.967,BUY,BTC/USDT,9568.61,1,136008,4527085408
2026/01/07 02:19:55.980,SELL,BTC/USDT,9606.96,1,145615,4527085408
2026/01/07 02:19:56.772,BUY,DOGE/BTC,2.64662e-07,1,2499.75,4527085408
2026/01/07 02:19:56.779,SELL,DOGE/BTC,2.65723e-07,1,2499.75,4527085408
2026/01/07 02:19:57.045,BUY,DOGE/BTC,2.65564e-07,1,2499.75,4527085408
2026/01/07 02:19:57.053,SELL,DOGE/BTC,2.66628e-07,1,2499.75,4527085408
2026/01/07 02:19:57.313,BUY,DOGE/BTC,2.64379e-07,1,2499.75,4527085408
2026/01/07 02:19:57.319,SELL,DOGE/BTC,2.65438e-07,1,2499.75,4527085408
2026/01/07 02:19:57.583,BUY,DOGE/BTC,2.64787e-07,1,2499.75,4527085408
2026/01/07 02:19:57.595,SELL,DOGE/BTC,2.65848e-07,1,2499.75,4527085408
2026/01/07 02:19:57.864,BUY,DOGE/BTC,2.64963e-07,1,2499.75,4527085408
2026/01/07 02:19:57.871,SELL,DOGE/BTC,2.66025e-07,1,2499.75,4527085408
2026/01/07 02:19:58.645,BUY,DOGE/USDT,0.00255007,1,145615,4527085408
2026/01/07 02:19:58.652,SELL,DOGE/USDT,0.00256029,1,145615,4527085408
2026/01/07 02:19:58.912,BUY,DOGE/USDT,0.00257192,1,145615,4527085408
2026/01/07 02:19:58.929,SELL,DOGE/USDT,0.00258223,1,145615,4527085408
2026/01/07 02:19:59.208,BUY,DOGE/USDT,0.00255107,1,145615,4527085408
2026/01/07 02:19:59.217,SELL,DOGE/USDT,0.0025613,1,145615,4527085408
2026/01/07 02:19:59.476,BUY,DOGE/USDT,0.0025515,1,145615,4527085408
2026/01/07 02:19:59.483,SELL,DOGE/USDT,0.00256172,1,145615,4527085408
2026/01/07 02:19:59.750,BUY,DOGE/USDT,0.00254926,1,145615,4527085408
2026/01/07 02:19:59.764,SELL,DOGE/USDT,0.00255948,1,145615,4527085408
2026/01/07 02:20:00.553,BUY,ETH/BTC,0.0249172,1,2499.73,4527085408
2026/01/07 02:20:00.560,SELL,ETH/BTC,0.025017,1,2499.75,4527085408
2026/01/07 02:20:00.826,BUY,ETH/BTC,0.0249602,1,2499.73,4527085408
2026/01/07 02:20:00.831,SELL,ETH/BTC,0.0250602,1,2499.75,4527085408
2026/01/07 02:20:01.098,BUY,ETH/BTC,0.0248385,1,2499.73,4527085408
2026/01/07 02:20:01.109,SELL,ETH/BTC,0.024938,1,2499.75,4527085408
2026/01/07 02:20:01.377,BUY,ETH/BTC,0.0248968,1,2499.73,4527085408
2026/01/07 02:20:01.383,SELL,ETH/BTC,0.0249966,1,2499.76,4527085408
2026/01/07 02:20:01.648,BUY,ETH/BTC,0.0249216,1,2499.73,4527085408
2026/01/07 02:20:01.655,SELL,ETH/BTC,0.0250215,1,2499.76,4527085408
2026/01/07 02:20:02.466,BUY,ETH/USDT,238.761,1,145376,4527085408
2026/01/07 02:20:02.472,SELL,ETH/USDT,239.718,1,145616,4527085408
2026/01/07 02:20:02.731,BUY,ETH/USDT,239.004,1,145377,4527085408
2026/01/07 02:20:02.740,SELL,ETH/USDT,239.962,1,145617,4527085408
2026/01/07 02:20:03.010,BUY,ETH/USDT,238.628,1,145378,4527085408
2026/01/07 02:20:03.019,SELL,ETH/USDT,239.584,1,145618,4527085408
2026/01/07 02:20:03.281,BUY,ETH/USDT,237.928,1,145380,4527085408
2026/01/07 02:20:03.292,SELL,ETH/USDT,238.881,1,145619,4527085408
2026/01/07 02:20:03.562,BUY,ETH/USDT,239.206,1,145380,4527085408
2026/01/07 02:20:03.569,SELL,ETH/USDT,240.165,1,145620,4527085408
2026/01/07 02:25:17.337,BUY,BTC/USDT,9562.01,1,136058,4527085408
2026/01/07 02:25:17.341,SELL,BTC/USDT,9600.33,1,145658,4527085408
2026/01/07 02:25:17.599,BUY,BTC/USDT,9550.76,1,136107,4527085408
2026/01/07 02:25:17.608,SELL,BTC/USDT,9589.04,1,145696,4527085408
2026/01/07 02:25:17.882,BUY,BTC/USDT,9495.89,1,136201,4527085408
2026/01/07 02:25:17.889,SELL,BTC/USDT,9533.94,1,145735,4527085408
2026/01/07 02:25:18.149,BUY,BTC/USDT,9491.02,1,136244,4527085408
2026/01/07 02:25:18.162,SELL,BTC/USDT,9529.06,1,145773,4527085408
2026/01/07 02:25:18.431,BUY,BTC/USDT,9543.65,1,136229,4527085408
2026/01/07 02:25:18.438,SELL,BTC/USDT,9581.9,1,145811,4527085408
2026/01/07 02:25:19.199,BUY,DOGE/BTC,2.63178e-07,1,2499.76,4527085408
2026/01/07 02:25:19.205,SELL,DOGE/BTC,2.64233e-07,1,2499.76,4527085408
2026/01/07 02:25:19.467,BUY,DOGE/BTC,2.64047e-07,1,2499.76,4527085408
2026/01/07 02:25:19.474,SELL,DOGE/BTC,2.65105e-07,1,2499.76,4527085408
2026/01/07 02:25:19.737,BUY,DOGE/BTC,2.65391e-07,1,2499.76,4527085408
2026/01/07 02:25:19.742,SELL,DOGE/BTC,2.66455e-07,1,2499.76,4527085408
2026/01/07 02:25:20.005,BUY,DOGE/BTC,2.63756e-07,1,2499.76,4527085408
2026/01/07 02:25:20.016,SELL,DOGE/BTC,2.64813e-07,1,2499.76,4527085408
2026/01/07 02:25:20.293,BUY,DOGE/BTC,2.65171e-07,1,2499.76,4527085408
2026/01/07 02:25:20.300,SELL,DOGE/BTC,2.66233e-07,1,2499.76,4527085408
2026/01/07 02:25:21.096,BUY,DOGE/USDT,0.00254853,1,145811,4527085408
2026/01/07 02:25:21.110,SELL,DOGE/USDT,0.00255874,1,145811,4527085408
2026/01/07 02:25:21.379,BUY,DOGE/USDT,0.00257135,1,145811,4527085408
2026/01/07 02:25:21.386,SELL,DOGE/USDT,0.00258166,1,145811,4527085408
2026/01/07 02:25:21.658,BUY,DOGE/USDT,0.0025638,1,145811,4527085408
2026/01/07 02:25:21.667,SELL,DOGE/USDT,0.00257407,1,145811,4527085408
2026/01/07 02:25:21.940,BUY,DOGE/USDT,0.00255705,1,145811,4527085408
2026/01/07 02:25:21.959,SELL,DOGE/USDT,0.0025673,1,145811,4527085408
2026/01/07 02:25:22.218,BUY,DOGE/USDT,0.00257018,1,145811,4527085408
2026/01/07 02:25:22.225,SELL,DOGE/USDT,0.00258049,1,145811,4527085408
2026/01/07 02:25:23.027,BUY,ETH/BTC,0.0248242,1,2499.73,4527085408
2026/01/07 02:25:23.035,SELL,ETH/BTC,0.0249237,1,2499.76,4527085408
2026/01/07 02:25:23.306,BUY,ETH/BTC,0.0248837,1,2499.73,4527085408
2026/01/07 02:25:23.318,SELL,ETH/BTC,0.0249835,1,2499.76,4527085408
2026/01/07 02:25:23.586,BUY,ETH/BTC,0.0248097,1,2499.73,4527085408
2026/01/07 02:25:23.594,SELL,ETH/BTC,0.0249091,1,2499.76,4527085408
2026/01/07 02:25:23.850,BUY,ETH/BTC,0.0248254,1,2499.73,4527085408
2026/01/07 02:25:23.859,SELL,ETH/BTC,0.0249249,1,2499.76,4527085408
2026/01/07 02:25:24.118,BUY,ETH/BTC,0.0248566,1,2499.73,4527085408
2026/01/07 02:25:24.125,SELL,ETH/BTC,0.0249562,1,2499.76,4527085408
2026/01/07 02:25:24.971,BUY,ETH/USDT,237.965,1,145573,4527085408
2026/01/07 02:25:24.982,SELL,ETH/USDT,238.918,1,145812,4527085408
2026/01/07 02:25:25.247,BUY,ETH/USDT,237.836,1,145574,4527085408
2026/01/07 02:25:25.252,SELL,ETH/USDT,238.789,1,145813,4527085408
2026/01/07 02:25:25.517,BUY,ETH/USDT,239.063,1,145574,4527085408
2026/01/07 02:25:25.524,SELL,ETH/USDT,240.021,1,145814,4527085408
2026/01/07 02:25:25.787,BUY,ETH/USDT,237.24,1,145576,4527085408
2026/01/07 02:25:25.795,SELL,ETH/USDT,238.191,1,145815,4527085408
2026/01/07 02:25:26.070,BUY,ETH/USDT,238.334,1,145576,4527085408
2026/01/07 02:25:26.076,SELL,ETH/USDT,239.289,1,145816,4527085408
2020/06/01 11:57:30.328127,BID,ETH/USDT,400,0.9,145816,4527085408
2026/01/07 12:45:06.177,BUY,BTC/USDT,9505.51,1,136310,4527085408
2026/01/07 12:45:06.182,SELL,BTC/USDT,9543.61,1,145854,4527085408
2026/01/07 12:45:06.445,BUY,BTC/USDT,9566.92,1,136287,4527085408
2026/01/07 12:45:06.450,SELL,BTC/USDT,9605.26,1,145892,4527085408
2026/01/07 12:45:06.712,BUY,BTC/USDT,9493.6,1,136398,4527085408
2026/01/07 12:45:06.716,SELL,BTC/USDT,9531.65,1,145930,4527085408
2026/01/07 12:45:06.982,BUY,BTC/USDT,9548.06,1,136382,4527085408
2026/01/07 12:45:06.989,SELL,BTC/USDT,9586.32,1,145968,4527085408
2026/01/07 12:45:07.249,BUY,BTC/USDT,9484.28,1,136484,4527085408
2026/01/07 12:45:07.255,SELL,BTC/USDT,9522.29,1,146006,4527085408
2026/01/07 12:45:08.050,BUY,DOGE/BTC,2.64292e-07,1,2499.76,4527085408
2026/01/07 12:45:08.056,SELL,DOGE/BTC,2.65352e-07,1,2499.76,4527085408
2026/01/07 12:45:08.318,BUY,DOGE/BTC,2.65609e-07,1,2499.76,4527085408
2026/01/07 12:45:08.323,SELL,DOGE/BTC,2.66674e-07,1,2499.76,4527085408
2026/01/07 12:45:08.585,BUY,DOGE/BTC,2.65433e-07,1,2499.76,4527085408
2026/01/07 12:45:08.590,SELL,DOGE/BTC,2.66497e-07,1,2499.76,4527085408
2026/01/07 12:45:08.873,BUY,DOGE/BTC,2.63824e-07,1,2499.76,4527085408
2026/01/07 12:45:08.878,SELL,DOGE/BTC,2.64881e-07,1,2499.76,4527085408
2026/01/07 12:45:09.150,BUY,DOGE/BTC,2.64067e-07,1,2499.76,4527085408
2026/01/07 12:45:09.155,SELL,DOGE/BTC,2.65125e-07,1,2499.76,4527085408
2026/01/07 12:45:09.945,BUY,DOGE/USDT,0.00255539,1,146006,4527085408
2026/01/07 12:45:09.957,SELL,DOGE/USDT,0.00256563,1,146006,4527085408
2026/01/07 12:45:10.229,BUY,DOGE/USDT,0.00256663,1,146006,4527085408
2026/01/07 12:45:10.236,SELL,DOGE/USDT,0.00257692,1,146006,4527085408
2026/01/07 12:45:10.501,BUY,DOGE/USDT,0.0025597,1,146006,4527085408
2026/01/07 12:45:10.507,SELL,DOGE/USDT,0.00256996,1,146006,4527085408
2026/01/07 12:45:10.774,BUY,DOGE/USDT,0.00255718,1,146006,4527085408
2026/01/07 12:45:10.779,SELL,DOGE/USDT,0.00256743,1,146006,4527085408
2026/01/07 12:45:11.046,BUY,DOGE/USDT,0.00255625,1,146006,4527085408
2026/01/07 12:45:11.052,SELL,DOGE/USDT,0.0025665,1,146006,4527085408
2026/01/07 12:45:11.844,BUY,ETH/BTC,0.0248902,1,2499.73,4527085408
2026/01/07 12:45:11.852,SELL,ETH/BTC,0.02499,1,2499.76,4527085408
2026/01/07 12:45:12.110,BUY,ETH/BTC,0.0248462,1,2499.73,4527085408
2026/01/07 12:45:12.117,SELL,ETH/BTC,0.0249458,1,2499.76,4527085408
2026/01/07 12:45:12.378,BUY,ETH/BTC,0.0248238,1,2499.73,4527085408
2026/01/07 12:45:12.386,SELL,ETH/BTC,0.0249233,1,2499.76,4527085408
2026/01/07 12:45:12.646,BUY,ETH/BTC,0.0248862,1,2499.73,4527085408
2026/01/07 12:45:12.651,SELL,ETH/BTC,0.0249859,1,2499.76,4527085408
2026/01/07 12:45:12.914,BUY,ETH/BTC,0.0248236,1,2499.73,4527085408
2026/01/07 12:45:12.920,SELL,ETH/BTC,0.0249231,1,2499.76,4527085408
2026/01/07 12:45:13.715,BUY,ETH/USDT,237.034,1,145769,4527085408
2026/01/07 12:45:13.733,SELL,ETH/USDT,237.984,1,146007,4527085408
2026/01/07 12:45:14.003,BUY,ETH/USDT,237.004,1,145770,4527085408
2026/01/07 12:45:14.010,SELL,ETH/USDT,237.954,1,146008,4527085408
2026/01/07 12:45:14.275,BUY,ETH/USDT,236.866,1,145771,4527085408
2026/01/07 12:45:14.280,SELL,ETH/USDT,237.815,1,146009,4527085408
2026/01/07 12:45:14.544,BUY,ETH/USDT,238.225,1,145771,4527085408
2026/01/07 12:45:14.548,SELL,ETH/USDT,239.18,1,146010,4527085408
2026/01/07 12:45:14.813,BUY,ETH/USDT,237.855,1,145772,4527085408
2026/01/07 12:45:14.819,SELL,ETH/USDT,238.808,1,146011,4527085408
2020/06/01 11:57:30.328127,BID,ETH/BTC,200,7.5,2499.76,4527085408
2020/06/01 11:57:30.328127,BUY,ETH/BTC,0.0248261,7.5,2499.57,4527085408
2026/01/07 15:51:38.205,Deposit,USDT,0,100,146111,4527085408
2020/06/01 11:57:30.328127,BID,ETH/BTC,200,0.5,2499.57,4527085408
2020/06/01 11:57:30.328127,BUY,ETH/BTC,0.0248261,0.5,2499.56,4527085408
2026/01/07 16:07:45.207,Withdraw,BTC,0,-80,2419.56,4527085408
2020/06/01 11:57:30.328127,BID,ETH/USDT,100,0.5,146111,4527085408
2026/01/07 17:27:29.178,Deposit,USDT,0,150,146261,4527085408
2020/06/01 11:57:30.328127,BID,USDT/BTC,200,0.5,2419.56,4527085408
2020/06/01 11:57:30.328127,BID,ETH/BTC,500,0.9,2419.56,4527085408
2020/06/01 11:57:30.328127,ASK,ETH/BTC,100,50,609,4527085408
2026/01/07 17:32:27.997,BUY,BTC/USDT,9497.37,1,136764,4527085408
2026/01/07 17:32:28.002,SELL,BTC/USDT,9535.44,1,146299,4527085408
2026/01/07 17:32:28.262,BUY,BTC/USDT,9573.3,1,136726,4527085408
2026/01/07 17:32:28.264,SELL,BTC/USDT,9611.67,1,146338,4527085408
2026/01/07 17:32:28.530,BUY,BTC/USDT,9529.91,1,136808,4527085408
2026/01/07 17:32:28.532,SELL,BTC/USDT,9568.11,1,146376,4527085408
2026/01/07 17:32:28.798,BUY,BTC/USDT,9514.9,1,136861,4527085408
2026/01/07 17:32:28.804,SELL,BTC/USDT,9553.04,1,146414,4527085408
2026/01/07 17:32:29.064,BUY,BTC/USDT,9570.67,1,136843,4527085408
2026/01/07 17:32:29.067,SELL,BTC/USDT,9609.03,1,146452,4527085408
2026/01/07 17:32:29.807,BUY,DOGE/BTC,2.64325e-07,1,2419.56,4527085408
2026/01/07 17:32:29.811,SELL,DOGE/BTC,2.65384e-07,1,2419.56,4527085408
2026/01/07 17:32:30.070,BUY,DOGE/BTC,2.63148e-07,1,2419.56,4527085408
2026/01/07 17:32:30.078,SELL,DOGE/BTC,2.64202e-07,1,2419.56,4527085408
2026/01/07 17:32:30.339,BUY,DOGE/BTC,2.64052e-07,1,2419.56,4527085408
2026/01/07 17:32:30.347,SELL,DOGE/BTC,2.65111e-07,1,2419.56,4527085408
2026/01/07 17:32:30.623,BUY,DOGE/BTC,2.64658e-07,1,2419.56,4527085408
2026/01/07 17:32:30.651,SELL,DOGE/BTC,2.65719e-07,1,2419.56,4527085408
2026/01/07 17:32:30.914,BUY,DOGE/BTC,2.64646e-07,1,2419.56,4527085408
2026/01/07 17:32:30.920,SELL,DOGE/BTC,2.65706e-07,1,2419.56,4527085408
2026/01/07 17:32:31.782,BUY,DOGE/USDT,0.00255174,1,146452,4527085408
2026/01/07 17:32:31.790,SELL,DOGE/USDT,0.00256197,1,146452,4527085408
2026/01/07 17:32:32.049,BUY,DOGE/USDT,0.00256648,1,146452,4527085408
2026/01/07 17:32:32.054,SELL,DOGE/USDT,0.00257677,1,146452,4527085408
2026/01/07 17:32:32.316,BUY,DOGE/USDT,0.00257237,1,146452,4527085408
2026/01/07 17:32:32.323,SELL,DOGE/USDT,0.00258268,1,146452,4527085408
2026/01/07 17:32:32.584,BUY,DOGE/USDT,0.00256703,1,146452,4527085408
2026/01/07 17:32:32.595,SELL,DOGE/USDT,0.00257732,1,146452,4527085408
2026/01/07 17:32:32.857,BUY,DOGE/USDT,0.00255929,1,146452,4527085408
2026/01/07 17:32:32.865,SELL,DOGE/USDT,0.00256954,1,146452,4527085408
2026/01/07 17:32:33.688,BUY,ETH/BTC,0.0250472,1,2419.53,4527085408
2026/01/07 17:32:33.699,SELL,ETH/BTC,0.0251476,1,2419.56,4527085408
2026/01/07 17:32:33.968,BUY,ETH/BTC,0.0250124,1,2419.53,4527085408
2026/01/07 17:32:33.974,SELL,ETH/BTC,0.0251127,1,2419.56,4527085408
2026/01/07 17:32:34.243,BUY,ETH/BTC,0.0249473,1,2419.53,4527085408
2026/01/07 17:32:34.249,SELL,ETH/BTC,0.0250473,1,2419.56,4527085408
2026/01/07 17:32:34.513,BUY,ETH/BTC,0.0249965,1,2419.53,4527085408
2026/01/07 17:32:34.534,SELL,ETH/BTC,0.0250967,1,2419.56,4527085408
2026/01/07 17:32:34.807,BUY,ETH/BTC,0.0248454,1,2419.53,4527085408
2026/01/07 17:32:34.819,SELL,ETH/BTC,0.024945,1,2419.56,4527085408
2026/01/07 17:32:35.569,BUY,ETH/USDT,238.683,1,146214,4527085408
2026/01/07 17:32:35.575,SELL,ETH/USDT,239.64,1,146453,4527085408
2026/01/07 17:32:35.844,BUY,ETH/USDT,237.283,1,146216,4527085408
2026/01/07 17:32:35.851,SELL,ETH/USDT,238.234,1,146454,4527085408
2026/01/07 17:32:36.113,BUY,ETH/USDT,237.465,1,146217,4527085408
2026/01/07 17:32:36.123,SELL,ETH/USDT,238.416,1,146455,4527085408
2026/01/07 17:32:36.382,BUY,ETH/USDT,238.556,1,146217,4527085408
2026/01/07 17:32:36.387,SELL,ETH/USDT,239.512,1,146456,4527085408
2026/01/07 17:32:36.652,BUY,ETH/USDT,236.959,1,146219,4527085408
2026/01/07 17:32:36.658,SELL,ETH/USDT,237.909,1,146457,4527085408
2020/06/01 11:57:30.328127,BUY,ETH/BTC,0.0248261,0.9,2419.54,4527085408
2026/01/07 17:37:10.643,Deposit,USDT,0,600,147057,4527085408
2020/06/01 11:57:30.328127,BID,ETH/BTC,200,0.5,2419.54,4527085408
2020/06/01 11:57:30.328127,BUY,ETH/BTC,0.0248261,0.5,2419.52,4527085408
2026/01/07 17:44:49.400,Deposit,USDT,0,50,147107,4527085408
2020/06/01 11:57:30.328127,BID,ETH/USDT,300,56,147107,4527085408
2020/06/01 11:57:30.328127,BUY,ETH/USDT,236.947,56,133838,4527085408
2020/06/01 11:57:30.328127,BID,ETH/BTC,200,0.5,2419.52,4527085408
2020/06/01 11:57:30.328127,BUY,ETH/BTC,0.0248261,0.5,2419.51,4527085408
2026/01/07 17:59:34.084,Deposit,USDT,0,80,133918,4527085408
2026/01/07 18:16:11.397,Deposit,BTC,0,100,100,1821727478
2026/01/07 18:16:19.104,Deposit,ETH,0,100,100,1821727478
2026/01/07 18:16:59.749,Deposit,BTC,0,100,200,1821727478
2020/06/01 11:57:30.328127,BID,ETH/BTC,10,5,200,1821727478
2020/06/01 11:57:30.328127,BUY,ETH/BTC,0.0248261,5,199.876,1821727478
2020/06/01 11:57:30.328127,BID,ETH/BTC,50,10,2419.51,4527085408
2020/06/01 11:57:30.328127,BUY,ETH/BTC,0.0248261,10,2419.26,4527085408
